{
    "698765808695771166": {"name": "eu", "audio": "entradadoluquinha.mp3"},
    "745339434001760328": {"name": "flavio", "audio": "entradadoflavio.mp3"},
    "465188039656734721": {"name": "guiham", "audio": "entradadoguiham.mp3"},
    "451006925262553088": {"name": "ryan", "audio": "entradadoryan.mp3"},
    "436647953055219723": {"name": "edvaldo", "audio": "entradadoedvaldo.mp3"},
    "260124372734443520": {"name": "ponei", "audio": "entradadoponei.mp3"},
    "206529540976148490": {"name": "tchelo", "audio": "entradadotchelo.mp3"},
    "606695328044810251": {"name": "pablo", "audio": "entradadopablo.mp3"},
    "505915389000155178": {"name": "domu", "audio": "entradadodomu.mp3"},
    "427951643896840193": {"name": "igor", "audio": "entradadoigor.mp3"},
    "1117292855346614373": {"name": "luquinha", "audio": "entradadoluquinha.mp3"}
}